type,with_opinion_extraction,summarization_model,summary,notes,input_data_file
all-reviews,no,copycat,"i would recommend it to anyone <E>. i would recommend it to anyone looking for a good quality product <E>. it was not compatible with my ipad .. thank you <E>. it was a gift for my son and he loves it .. great case for the price you can 't go wrong with this case it is a good buy and worth it <E>. this is a great tablet , i love it , i recommend it to anyone who is looking for a tablet <E>. the product arrived on time and in good condition .",minimum length sentences,dataset/all-reviews.csv
rating1,no,copycat,"i returned it <E>. i would recommend it to anyone looking for a ipad <E>. not worth the money i paid for it , don 't waste your money on this piece of junk <E>. i would recommend this product to anyone .. i have used this product for several months now and i have not had any problems with it .. it does what it says it will do , but it does not work well with the ipad .. ipad air is a bit slow , but not worth the effort to return it , i will be returning it .. tried to use it to connect my ipad to my ipad and it didn 't work well for the price <E>. it was a gift for my daughter and she loves it , she can 't wait to give it to her <E>. product arrived on time and was exactly what i expected it to be .",minimum length sentences,dataset/rating1.csv
rating2,no,copycat,,minimum length sentences,dataset/rating2.csv
rating3,no,copycat,"the pad is a bit flimsy , but it does the job of protecting the ipad .. worked like a charm and it was easy to set up and it worked great for the price paid <E>. i would not recommend this to anyone .. i recommend this product <E>. easy to set up and use .",minimum length sentences,dataset/rating3.csv
rating4,no,copycat,"it is a good product , i like the fact that it is compatible with my ipad and the ipad .. works well for me <E>. i would recommend it to anyone who wants an ipad .. it is a great case for the price i paid for it .. she loves it <E>. i would not recommend this product to anyone .. i wish i had read the reviews before i bought it , but now i have to return it .. it is what i expected it to be a good buy for the price you can 't go wrong <E>. easy to use , easy to set up and use .. it does what it says it will do , but it is not compatible with windows 7 <UNK> .",minimum length sentences,dataset/rating4.csv
rating5,no,copycat,"this is my first ipad and i have never had any problems with it so far i love it ! <E>. i would recommend this to anyone who wants to use their ipad ! <E>. this is a great product for the price i paid for it .. my wife loves it , she uses it all the time and it is easy to set up and use <E>. muy buena compra para mi esposa le <UNK> es muy buena calidad del <UNK> es una gran <UNK> para <UNK> <E>. i would recommend it to anyone looking for a gift <E>. i would recommend it to anyone who wants a tablet for their tablet .. very easy to use and easy to use. only wish it had a little bit more space for my ipad <E>. i have been using this product for about a month now and have been very pleased with it .",minimum length sentences,dataset/rating5.csv
how_is_display,yes,copycat,"this is a great graphics card for the price i would recommend it to anyone looking for. i recommend this to anyone who want to. i have been using apple products for years and have never been able to find them anywhere. the touch screen is a great touch screen protector , but the screen protector is a bit. screen is clear , but the volume control is not clear and the volume button is too. product arrived on time and in perfect condition <UNK> touch screen protector is a nice touch screen. the ipad screen is a great addition to the <UNK> of the steve madden <UNK> and the. el producto llego en perfectas condiciones y el precio es muy buena calidad del producto es excelente. purchased for my wife for her birthday gift , she loved it and have enjoyed using it. fast delivery , good price for the quality of the product , i recommend it to anyone. the sound quality of sound are great , but be careful not to use. the keyboard works great , but the keyboard is not compatible with windows 7. it is a good product , but the instructions are confusing to follow the instructions on how. works great on my <UNK> recommend to anyone who want to know what to do business with. what to expect from a cover to protect the software , but it does not work with",maximum length sentences,dataset/aspect-wise-with-opinion-extraction/how_is_camera/3.csv
how_is_wireless_connection,yes,copycat,"the ipad mini drive storage is the best storage space i have ever owned , but. product arrived on time and in excellent condition , as described by seller , <UNK> ,. este producto llego en perfectas condiciones sin ningun tipo de excelente calidad de lo que se. points. have not used yet use yet be able to tell the difference between <UNK> and. retina display is a bit slower than i expected , but it works fine. i have not had any problems with. the ipad screen is a great touch screen protector , but have not been able to. love <UNK> recommend this product to anyone who want to use their own <UNK> buy <UNK>. the sound quality of this tablet is excellent , it is easy to connect to the. excellent product for a great price , fast delivery , fast service and fast delivery service. used it to connect to my go to watch movies and play games on the go. i have used this product for a while and it still work great , i have. the battery charger works fine , but have not been able to charge the charge <UNK>. it was exactly what i expected it to be and works great , i would recommend. gift for my daughter , she loved it , she said she will be able to",maximum length sentences,dataset/aspect-wise-with-opinion-extraction/how_is_wireless_connection/3.csv
how_is_battery,yes,copycat,"loved it , bought it for my nephew birthday present for his birthday present. screen protector is a nice touch screen protector , but the screen is not clear enough. i would recommend this product to anyone who want to use a stand on their own. faster than expected to be able to tell the difference between the <UNK> and. ipad is a great product for the price paid , but not for the best price. i have used this card for several years now and have never had any problems with. the sd card slot is not compatible with windows 7 <UNK> to be compatible with <UNK>. what else can be said about this product , but be aware of <UNK>. excellent product for the price. it is easy to install and use. dont know. the calculator function are not compatible with windows 7 <UNK> do not waste your time or. este producto es que decir que se puede decir que <UNK> el precio <UNK> para <UNK>. used to be able to find a replacement warranty replacement warranty repair warranty repair. power supply power supply is a good replacement for the original charger , but. product arrived on time and in good condition , no damage to damage the screen protector. excellent product for the price , i recommend it to anyone looking for a great product. the maps are easy to follow directions to follow instructions , follow directions instructions. unusable. don 't waste your money on this tablet , spend a bit more money ,. best camera i have ever owned , i recommend it to anyone interested in",maximum length sentences,dataset/aspect-wise-with-opinion-extraction/how_is_battery/3.csv
how_is_operating_system,yes,copycat,"be careful not to use touch screen protector , but do not recommend to try to buy. excellent product for the price of <UNK> recommend highly recommend to anyone who want to use their. the sound quality is not the greatest but the sound is not as good as the picture. product arrived on time and in good condition as described by <UNK> recommend it to anyone who. purchased to go with my own touch note 10.1 , but have not been able to find. it is a good product for the price , but it does not work well on the. i would recommend this product to anyone who. el producto es una buena calidad , se puede decir que decir que se puede guardar las. easy to use , easy to install , and the price is unbeatable , i recommend it. love it ! i have been using it for over a year now and have never been. great buy for the price you get what you pay for <UNK> what else do you want. purchased as a gift for my daughter <UNK> she loved her gift , she loved , love. i am very pleased with purchase of this ipad , but have not been able to find. used to be able to use my own memory cards , but have had no problems with. battery does not hold charge for long periods of time and the battery will not stay connected",maximum length sentences,dataset/aspect-wise-with-opinion-extraction/how_is_operating_system/3.csv
how_is_processor,yes,copycat,"my grand daughter loved this gift for her birthday present birthday present for her <UNK>. protects the ipad very well protected my ipad from scratches the ipad touch screen protector. product arrived on time and in excellent condition as advertised , however , have been. i use this to connect my wireless network to my wireless router and it works. i am very happy with my purchase of this product , i recommend it to. the apple logo on the screen are a little bit darker than the original apple. este producto es muy buena <UNK> para <UNK> las <UNK> de <UNK> , lo recomiendo. it does what it supposed to do a good job of protecting my mac book. the ipad stopped working after 2 weeks of use. i would not recommend it to. the tablet did not meet my expectations and i would not recommend it to anyone. <UNK> processing rate <UNK> to be able to find a <UNK> graphics card processing <UNK>. excellent product for the price ! highly recommend this product to anyone who want to. <UNK> replacement for my dell laptop running laptop running windows 7 <UNK> for the <UNK>. excellent product , easy to use , love the touch screen touch screen cover ,. an excellent product for the price of a apple memory card memory card , but",maximum length sentences,dataset/aspect-wise-with-opinion-extraction/how_is_processor/3.csv
how_is_brand,yes,copycat,"bought this for my son for christmas present for his birthday present birthday. excellent product for the price paid for the purchase price , but be aware of. the ipad is powerful , but not as powerful as the apple version , but. el producto es muy bueno el producto llego en buenas condiciones sin ningun tipo de. it does what it says it would be , but it is not compatible with. the best thing i have ever used <UNK> is the best media consumption i 've. best lenovo k1 i have ever owned , have been using lenovo k1 <UNK> for. the tablets are easy to install and work great on windows xp and windows 8.1. i have used lenovo products for the last 2 years and have never been disappointed. samsung galaxy tab 3 10.1 inch tablet is a great tablet for the price ,. the air print is a great addition to protect your skin from dust. what else can be said to say about this product , it works , and. it did not meet my expectations of the product description said it would have been. easy to use , clean up , take care instructions , follow instructions. product arrived on time as described and works fine for me to be able to",maximum length sentences,dataset/aspect-wise-with-opinion-extraction/how_is_brand/3.csv
how_is_memory,yes,copycat,"however , have not been able to. great little machine for the price <UNK> a great machine , highly recommend to buy. product arrived on time and in perfect condition , no damage to the original charger ,. easy to use , connect to wi fi , download software , download drivers license ,. the battery was a good replacement for the original battery that came with the <UNK> battery. the stand on the ipad touch screen touch screen cover <UNK> touch pad touch pad <UNK>. purchased for my daughter 's ipad 2 years ago and she loves to play games. works great , have been using <UNK> a couple of years ago and still have. el producto es muy buena calidad de sonido es muy bueno para las personas que <UNK>. excellent product , i am very pleased with purchase this product , highly recommend it to. the product was exactly what i expected it to be , and the price was. the sim card is not compatible with any sim card , but it does not work. great price for a great product , fast shipping and fast delivery service as promised .. the charger is a great replacement for the original charger that came with the charger .. if you have a hard time installing this hard drive , you will be able to. worked great for transferring files transferred files transferred data transfer data transfer speed transfer rate",maximum length sentences,dataset/aspect-wise-with-opinion-extraction/how_is_memory/3.csv
how_is_sound,yes,copycat,"bought this for my son 's birthday gift birthday present birthday present for her birthday gift. love the feel of feel like iron , but have never been disappointed me .. el producto es muy bueno el producto lleg\u00f3 en buenas condiciones sin problemas con el producto. i would recommend this product to anyone looking for a good quality product that. what can be said about this product , but have been able to tell the difference. recommend highly recommend this to be a must have help keep you know help. excellent product for the price of the best product i have ever used <UNK> recommend to. i have been using this product for about a month now and have never been disappointed. ipod touch is very easy to use touch screen touch screen protector , <UNK> , and. excellent product for the price of a reasonable price , fast delivery , good product ,. the interface is very easy to use , but the software interface is difficult to navigate. apple products are not compatible with apple products , but do not buy this. great picture quality and easy to use <UNK> great picture quality.i recommend this product to anyone. exactly what i have been looking for a great touch screen protector for the price !. the product arrived as promised and have been working fine for the last few months of",maximum length sentences,dataset/aspect-wise-with-opinion-extraction/how_is_sound/3.csv
how_is_camera,yes,copycat,"the bluetooth. responsive. have been using this ipad for a while now and have been very. excellent product for a great price and easy to use. would recommend it to anyone. excellent product for the price paid for the best value for the cost of the. i would recommend it to anyone. the cameras are easy to use , easy to use. takes a little learning curve. product arrived as described and in excellent condition , no damage , no scratches ,. excellent product for the price , but not the best ipad i 've ever owned. apple products are not compatible with windows 7 android phone and android 4.0 android phone. the screen protector is a great value for the price of the <UNK> screen protector. excellent product for the price paid for the best price i paid for it <UNK>. used to replace the original cable that came with the reconditioned unit , but not. excelente producto muy buena calidad , lo recomiendo 100 % recomendado 100 % <UNK>. this is a great tablet for the price of a tablet i would recommend to. bought for my wife 's birthday gift for her birthday gift <UNK> she loves it",maximum length sentences,dataset/aspect-wise-with-opinion-extraction/how_is_camera/3.csv
how_is_quality_of_speaker,yes,copycat,"purchased as a gift for a friend , she loved it , can 't wait to. the picture quality is not great , but not worth the wait try to use it ,. excellent product , have been using it for over a year now and have notice a change. however , i would not recommend. ipad does not stay connected to the ipad touch screen , but it is not compatible with. el producto llego en buenas condiciones , sin problemas con el producto es muy buena calidad ,. update review update review , update the update review comment , update comment update review <UNK> update. great product for the price of the <UNK> recommend highly recommend this to anyone who want to. excellent product for the price point , i recommend it to anyone who want to use their. apple products are not compatible with apple products , but do not recommend this product to anyone. the charger is not compatible with the apple charger , but it does not work well on. easy to use touch up to be used to be able to tell the difference from <UNK>. product arrived as described in the description of the product description , but i am very pleased. what else have said to say about this product , but do not know what else to. do not waste your money. don 't waste your time or money spend a bunch of money",maximum length sentences,dataset/aspect-wise-with-opinion-extraction/how_is_quality_of_speaker/3.csv
rating1,yes,copycat,"the volume control switch is not compatible with <UNK> not waste your money on the. this is an excellent product for the price you can 't expect it to be. screen resolution is not as good as the picture shows , but for the price. what else can be said about this product , but be careful not to use. worst ipad i have ever owned , do not waste your time or money on. i have been using this screen protector for about a month now and still have. product arrived on time and in good condition , as described by <UNK> recommend to. unusable. don 't waste your money on this product , waste your time and money. serial number of serial numbers are not compatible with this serial number serial number .. replacement was easy to install , and fit perfectly to protect the <UNK> of the. this is a must have if you know what you are talking about a apple. why spend a bit more money to get a better signal range of signal strength. the screen protector is a great touch screen protector for the price of the screen. sim card is a must have <UNK> sim card <UNK> for <UNK> sim cards <UNK>. i 'm not sure what to expect from me , but do not know how. the volume control is not compatible with the ipad mini ipad mini <UNK> is not. the extender works great for connecting wireless devices to connect wireless router to wireless network. the e-mail address is not accurate , but not what i expected it to be. these are the best storage bags i have ever owned , have come in handy. it 's a great product for the price point and price of the ipad screen. el producto llego en perfectas condiciones , sin problemas con el producto se puede decir. used to be able to connect to charge my own , but have not been. i would recommend it to anyone who. the volume control is too small to be able to adjust volume control volume control. it does what it supposed to do the job it is supposed to hold up. not much to say about a replacement part of a replacement for a good replacement. the charging port is too long and the battery will not stay connected to charge. the front cover is a bit awkward to use the ipad air cover , but. the screen is a bit scratched on the screen but it does not come with. keyboard is easy to use <UNK> the keyboard is a bit slow to respond to. it may be a good buy , but do not recommend it to be a",maximum length sentences,dataset/rating-wise-with-opinion-extraction/rating1/rating1.csv
rating2,yes,copycat,"i have been using this product for about a month now and it is still. the samsung galaxy tab power <UNK> galaxy tab 2 <UNK> galaxy <UNK> galaxy note 10.1. the laptop is not compatible with windows 7 operating system , but it does not. i would recommend this to anyone who want to spend a lot of money on. easy to use , easy to use. easy to use.i recommend this product to anyone. the sound quality of this tv is excellent , but be careful not to use. good value for the price paid , but not worth the money spent money on. the sd card is not compatible with sd cards , but they are not compatible. worked like a charm to be able to connect to my <UNK> it worked well. used to be able to charge my charge internet , but have not been able. este producto es que decir que se puede decir que decir <UNK> el precio <UNK>. excellent product for the price it is a good value for the money you pay. this is the best apple artist i have ever owned , but the touchscreen is. exactly what i expected it to be a charger for the price i paid for. the sound quality is good , but the touchscreen is not clear enough to be. there are not much to say except for the fact that it can be used. it was a gift for my daughter and she loved it , she said it. the camera takes a bit of practice to learn , but it takes great pictures. this would be a great gift for someone who like to know how to use. product arrived on time and in good condition , as described by the seller <UNK>. the ipad connector is not compatible with the <UNK> shovel , but it does not. the painting of the painting is not strong enough to be used to protect the. product arrived on time , but have not been able to charge the charge <UNK>. <UNK> is a great product for the price paid <UNK> what else can be said. what to say do not waste your money on this purchase , waste your time. good product not what i expected it to be , but for the price it. el producto llego en perfectas condiciones , sin ningun tipo de sonido , lo recomiendo. used to buy ipad a while ago but have not been able to find <UNK>. for the price you can 't go wrong with this screen protector for your ipad. used to connect to connect directly to switch from connect to switch , but have. wifi stopped working after 2 weeks of use use. not waste your money on this",maximum length sentences,dataset/rating-wise-with-opinion-extraction/rating2/rating2.csv
rating3,yes,copycat,"excellent product for the price paid cost , and the price can 't be beat <UNK> recommend. she said. purchased as a gift for a friend of his birthday present birthday gift <UNK>. original sim card installed with sim card slot for sim card and sim cards are not compatible. the processor is not compatible with windows xp pro <UNK> , it is not the correct size. powerful little mixer for the price point i would recommend it to anyone who want to buy. this is a good product , but have not used yet be able to charge the charge. the flash is much better than i expected , but for the price it cost a bit. the keyboard is a nice touch , but not the best keyboard i have ever used .. excellent product for the price of the <UNK> chargers work well with bluetooth devices. hard to find a good product that cost effective , but don 't have. do not waste your money on this product , waste your time and money , spend a. great product for the price you can 't go wrong with apple products , it works great. this is a great addition to my collection of sound , and the sound quality is great. this cable does not work as well as the original , but not worth the money spent. i would recommend this product to anyone who. product arrived on time and in good condition , packaged well packaged , easy to install ,. what else do i say , but do not know what else to say about it ,. this is a great ipad keyboard , but if you are looking for an ipad mini keyboard. this is the best product i have ever owned , have been using it for years ,. replacement sd card with no doubt be able to use the <UNK> sd card. worked great for a couple of months , then started to fail to charge the ipad ,. el producto llego en perfectas condiciones , sin problemas con el producto es que decir que decir. the memory is a bit slower than i expected it to be , but it works fine. it is exactly what i expected it to be a great product for the price i paid. expandable memory card memory card reader memory <UNK> memory <UNK> 8gb memory card 8gb memory <UNK> 4gb. used to be able to charge my own charge , but not have to. not what i need to write a review to say , but do not know what to. very easy to use and easy to use. great picture quality and picture quality.i recommend it to. easy to use and easy to use. love how easy it is to take care of the. it was not what i expected it to be , but it did not meet my expectations. it was easy to install , but the instructions are confusing to follow the instructions to make",maximum length sentences,dataset/rating-wise-with-opinion-extraction/rating3/rating3.csv
rating4,yes,copycat,"bought this laptop for my daughter 's birthday gift for her birthday gift. what to say about a screen protector , not what i expected it to. screen resolution is fine , but the screen resolution could be a bit louder. purchased purchase of this last year and have been very pleased with purchase .. este producto es de una buena calidad del producto es muy buena calidad ,. product arrived on time and in good condition , no problems encountered <UNK> ,. the design of the laptop are very nice , but i have not use. the cord is a bit shorter than i expected , but it works fine. what else can be said about a small writing book , but not. este producto es muy bueno para decir que decir que se puede decir <UNK>. the touch screen is a great touch screen protector for the price point and. easy to use , easy to understand , follow directions , follow instructions. samsung galaxy s3 is a good value for the price of the samsung <UNK>. excellent product for the price you pay for it , make sure you check. the table is beautiful , but not as beautiful as the picture shows <UNK>. i would recommend this product to anyone who want to use their tablet or. great table for the price ! i have been looking for a great table. i would recommend this product to anyone looking for a good product that. hardware. don 't waste your money on this purchase , make sure you have. what else can be said about this product ? i have been looking for. easy to use touch screen protector , easy to install and use <UNK>. this is a great ipad laptop for the price point it go <UNK>. the apple ipad book pro ipad mini ipad mini edition generation ipad mini. purchased to use with my ipad mini ipad , but have been using. easy to use , light weight and easy to carry around the house and. works great for travel with travel , but be careful not to use it. the 64 bit of scratches have been scratched up a bit of damage the. the only place to find a place on line to find one that would. beautiful color , easy to use , and the price was right on time. screen is a bit darker than expected , but still be good for",maximum length sentences,dataset/rating-wise-with-opinion-extraction/rating4/rating4.csv
rating5,yes,copycat,"battery life is better than the original battery that came with the reader <UNK> battery life. excellent product for the price of the ipad2 , but the battery life is weak and. este producto cumple con las expectativas que se puede decir que decir que se le <UNK>. arrived on time and in good condition , packaged well packaged , arrived quickly and have. screen protector is a great buy for the price of the <UNK> screen protector screen protector. the best ipad i have ever owned , i recommend it to anyone interested in. the only thing that would be better would be to be a little bit more. excellent product for the price it was worth the purchase price , i recommend it to. excelente producto de buena calidad , lo recomiendo este producto es muy buena calidad de sonido. the interfaces are designed to be used to be able to adjust the interfaces , but. great product for the price of the best deal on the market. highly recommend this product. i recommend it to anyone who want. excellent product for the price , excellent price , fast delivery service , excellent product. bought this for my daughter for christmas present for her birthday present birthday gift for her. its a good laptop for the price its not the best laptop i have ever. what else can be said to say about this product , but be aware of the. i would recommend this product to anyone who want to buy a 32 gb 32 gb. excellent product for the price paid , but not worth the money spent money on the. the sound quality of this product are excellent , but have not been able to use. perfect fit for my ipad mini ipad mini <UNK> easy to use touch screen protector <UNK>. i have been using this product for over a year now and have never been disappointed. it is a great product , i recommend it to anyone who want to protect their. she loved. great product for the price you can 't go wrong <UNK> it is worth the price. excellent product for the price you can 't go wrong buy , love it ,. i have been using ipad <UNK> for a while now and have never been disappointed. battery life is not long enough to be able to tell the difference between the. it was exactly what i expected it to be and the price was right off the",maximum length sentences,dataset/rating-wise-with-opinion-extraction/rating5/rating5.csv
all-reviews,no,huggingface," If you had the first one and moved to the 2nd one, it's worth the move . The same exact 16 gig wifi sells for about $150 less at places like Best Buy and Apple's own website . There is still no SD Slot, no Thunderbolt support however the battery still holds a charge ( I just charged mine for the first time last night)",minimum length sentences,dataset/all-reviews.csv
rating1,no,huggingface," The screen lifts off and was wiggling when I was holding it for the first time . Scratches and cracks everywhere, it has definitely been dropped, maybe a child's toy even . The speaker is blown so we have to replace it and it made for a lousy birthday . The charger they gave me is a lightning cable but the iPad takes the old school kind .",minimum length sentences,dataset/rating1.csv
rating2,no,huggingface," The iPad is extremely slow for a 32 gb (my old 16 gb at full capactity was faster) There seems to be a fault with the control button which is very unresponsive and when the screen goes off, it takes a while for it to come back on . The software is outdated and the home bottom is broken .",minimum length sentences,dataset/rating2.csv
rating3,no,huggingface, The charger that came with it was complete JUNK!! It didn't last 24 hours. Be prepared to buy another charger for this. It works but I didn't receive a charger for it like it was promised an it has 16% when I got it  an its dinged up. Just an old iPad that is old to old to work and can't be updated due to apple support .,minimum length sentences,dataset/rating3.csv
rating4,no,huggingface," If you had the first one and moved to the 2nd one, it's worth the move . The same exact 16 gig wifi sells for about $150 less at places like Best Buy and Apple's own website . It does feel speedier when loading up apps and as far as gaming goes, some like Infinity Blade and Shadow Guardian really gets a boost from the extra speed . There is still no SD Slot, no Thunderbolt support however the battery still holds a charge .",minimum length sentences,dataset/rating4.csv
rating5,no,huggingface," Shipped the same day I bought it! Looks brand new . Shipped very fast and was just like it said . Comes with nice hard case  I love it it was a cheap price and Iam glad I brought it. It does occasionally freeze,  and sometimes arbitrarily returns to the home screen . The only thing that sucks is that the charger doesn't stay in and falls out easily .",minimum length sentences,dataset/rating5.csv
how_is_display,yes,huggingface," iPad 2 is not compatible with the current operating system . iPad Air 2 does not have a calculator . The screen freezes all the time, and the camera quality is horrible . The iPad Air has a cracked screen . The tablet is everything as advertised and works as expected . The price is great and the service is great .",single summary provided by hugging face,dataset/aspect-wise-with-opinion-extraction/how_is_camera/3.csv
how_is_wireless_connection,yes,huggingface," iPad 2 is not compatible with the current operating system . Tablet works great.. amazon!. support chat box,. synced on the same cloud.. streaming,. streaming,. Good thank.. wifi only.. It takes longer to open up than my older version.. Comcast to check my wifi control button.. iPad!. watch videos stored in its small drive.. it's a good purchase.. Works great!.",single summary provided by hugging face,dataset/aspect-wise-with-opinion-extraction/how_is_wireless_connection/3.csv
how_is_battery,yes,huggingface, iPad Air 2 is a great replacement for the iPad Air and iPad Air . The camera quality of the iPad is horrible . The screen protector like the ZAGG InvisibleShield. iPad to replace anything you already have; the iPad. Glass magnetic. magnetic. requires an adapter.. Flash driven. tablets. require an adapter .,single summary provided by hugging face,dataset/aspect-wise-with-opinion-extraction/how_is_battery/3.csv
how_is_operating_system,yes,huggingface, The screen is black.. very fast delivery.. Works as expected.. very good . iPad Air 2.. backup device.. Incredibly slow machine.. it has worked perfectly . It freezes all the time.. charging system was also faulty . Service was excellent and delivery was fast and delivered as expected . No scratches on the outside .,single summary provided by hugging face,dataset/aspect-wise-with-opinion-extraction/how_is_operating_system/3.csv
how_is_processor,yes,huggingface," The iPad is a slick, entertaining device,. to replace anything you already have; the iPad or a pad of paper and pencil . iPad Air 2 was in way better condition than expected than expected and actually worked perfectly . It stopped working after a couple of month of little use .",single summary provided by hugging face,dataset/aspect-wise-with-opinion-extraction/how_is_processor/3.csv
how_is_brand,yes,huggingface," iPad 2 is not compatible with the current operating system (iOS 10) - iPad 2 not compatible . iPad 2 will not be compatible with iOS 10 . iPad for our son never puts it down . Great price, great delivery time, great service and great service . iPad is a ""note book for lyrics"" that works great .",single summary provided by hugging face,dataset/aspect-wise-with-opinion-extraction/how_is_brand/3.csv
how_is_memory,yes,huggingface," iPad 2 is not compatible with the current operating system. It works. It does run slowly. No problems with the device. No scratches, nicks, or anything.. It freezes all the time. It freezes up. It takes longer to open up than my older version.. LOCKED.. cannot update any further.. iPad!. ipad.... Works great. It's brand new and perfect,. through dropping on a hard surface .",single summary provided by hugging face,dataset/aspect-wise-with-opinion-extraction/how_is_memory/3.csv
how_is_sound,yes,huggingface, iPad Air 2 is not compatible with the current operating system (iOS 10).. its dinged up. It does run slowly. It freezes up. Won't download something's.. Battery life. everyday.. glitch.. One is clearly more superior. A+. Weak!. Ghost touches. charger cords are not compatible.. charger cords not compatible .,single summary provided by hugging face,dataset/aspect-wise-with-opinion-extraction/how_is_sound/3.csv
how_is_camera,yes,huggingface," iPad Air 2 is an extremely slow machine . It freezes all the time . It's an older model,. It stopped working after a couple of month of little use . It can't even open Safari without flickering back the the home screen . It was in way better condition than expected and actually worked .",single summary provided by hugging face,dataset/aspect-wise-with-opinion-extraction/how_is_camera/3.csv
how_is_quality_of_speaker,yes,huggingface," iPad Air 2 is not compatible with the current operating system (iOS 10).. It does run slowly. no problems with the device. It runs a little slow. Ipad 2,. Love it best tablet. It is working for what I need. It's an older model,. Works as advertised.. purfecly working.. Very nice App barely speak English. It has functioned quite well .",single summary provided by hugging face,dataset/aspect-wise-with-opinion-extraction/how_is_quality_of_speaker/3.csv
rating1,yes,huggingface, The screen is black.. Damaged without proper cable . It freezes all the time.. It can't even open Safari. Not worth the purchase. Im returning it.. out garageband app. It was a fraud.. Cannot figure out how to switch screens cannot operate it at all .,single summary provided by hugging face,dataset/rating-wise-with-opinion-extraction/rating1/rating1.csv
rating2,yes,huggingface," Apple is here to suck you dry, i really really expect better from Apple, looking for something easy and fun to use . The camera takes lousy, grainy photos.. it stopped functioning properly . The iPad is a fun toy to have around,. 20mah can't scroll in a notification form form and download a notification .",single summary provided by hugging face,dataset/rating-wise-with-opinion-extraction/rating2/rating2.csv
rating3,yes,huggingface," The screen size is too small for watching videos/live sports.. One of the ipads chargers does not charge.. THE CHARGER stopped working . The camera quality is horrible. Just save and buy a new ipad screen. Its dinged up. Just an old iPad. Its hard to see videos on it. It's used mostly to run an app for my job,. 4'...The Apple logo cuts out every time.. I am returning the defective one.",single summary provided by hugging face,dataset/rating-wise-with-opinion-extraction/rating3/rating3.csv
rating4,yes,huggingface, Tablet in excellent condition . It takes longer to open up than my older version.. as gift.. Very Quickly-. Good ipad.... everything is good. Ipad works great!!! through dropping on a hard surface.. natural lighting.. 64 GB. this works great.. Good price for a small computer.. going strong .,single summary provided by hugging face,dataset/rating-wise-with-opinion-extraction/rating4/rating4.csv
rating5,yes,huggingface," Product is awesome, excellent seller, great product.. for his birthday and is very happy with its operation . iPad looks new, works well and came in great condition to be used.. Packed safely,. worked like new.. Fast shipping!. great product - works perfect.. Arrived about a week early & I Am VERY glad I ordered it .",single summary provided by hugging face,dataset/rating-wise-with-opinion-extraction/rating5/rating5.csv
how_is_display,yes,copycat+huggingface," Product arrived on time and in good condition, works great, easy to use, good graphics . Screen is a bit darker than i expected it to be but it works great . Screen protector is not clear on the screen, but screen resolution is not as clear as the screen resolution . Sim card is a good size, but not compatible with sim card .",single summary provided by hugging face,dataset/aspect-wise-with-opinion-extraction/how_is_camera/3.csv
how_is_wireless_connection,yes,copycat+huggingface," Product arrived on time and in good condition . Sound quality is ok but i have to say that it is a good buy for the price you pay for it . Best ipad i 've ever owned , i have used it for over a year and still haven 't had any problems with it .",single summary provided by hugging face,dataset/aspect-wise-with-opinion-extraction/how_is_wireless_connection/3.csv
how_is_battery,yes,copycat+huggingface," Stand on the stand are a bit tricky to get on and off, but works great with my ipad mini <UNK> The charger arrived on time and in good condition . The only thing i don't like is the calculator function are not compatible with windows 7 . The card slot is a bit smaller than i expected, but it will be fine for the card slot .",single summary provided by hugging face,dataset/aspect-wise-with-opinion-extraction/how_is_battery/3.csv
how_is_operating_system,yes,copycat+huggingface, This is an excellent product for the price i paid for it . The screen protector arrived on time and in good condition . The data transfer rate is fast and easy access to the USB port on the ipad 2 is fast . The stand is a great addition to my ipad 360 degree rotating stand .,single summary provided by hugging face,dataset/aspect-wise-with-opinion-extraction/how_is_operating_system/3.csv
how_is_processor,yes,copycat+huggingface," This is a great ipad for the price and the sound quality is very good . The picture quality is not as good as the picture shows a picture frame . The ipads are easy to use, but they are not compatible with android phone . This is the best memory card memory cards i have ever used to be able to use my laptop .",single summary provided by hugging face,dataset/aspect-wise-with-opinion-extraction/how_is_processor/3.csv
how_is_brand,yes,copycat+huggingface," Great product for the price you get what you pay for <UNK>. ipad does not work well with the ipad , but not worth the money spent . Samsung Galaxy Tab 3 10.1 inch tablet is the best tablet i have ever owned . Best tablet i've ever owned but not compatible with. ipad is a must have .",single summary provided by hugging face,dataset/aspect-wise-with-opinion-extraction/how_is_brand/3.csv
how_is_memory,yes,copycat+huggingface," The sound quality is very good but the wireless connection to be able to connect to. easy to use <UNK> to be . easy to . use wifi connection to connect via <UNk> . The rear view finder is the best battery i 've ever owned, but battery life is fine . The sim card is a perfect fit for my rear view mirror view finders .",single summary provided by hugging face,dataset/aspect-wise-with-opinion-extraction/how_is_memory/3.csv
how_is_sound,yes,copycat+huggingface," The best ipad i 've ever used to be able to use my ipad is a bit heavy duty , but not as heavy duty as i expected . The price is. good product for the price paid, but not worth the money spent money . The best buy ever buy on line up to buy a flash drive to be .",single summary provided by hugging face,dataset/aspect-wise-with-opinion-extraction/how_is_sound/3.csv
how_is_camera,yes,copycat+huggingface, Apple products are not compatible with windows 7 android phone and android 4.0 android phone . This is a good charger but not as long as i need it to be . Bought this for my wife 's birthday gift for her birthday . She loves it. easy to set up and use it to watch videos on youtube videos to watch .,single summary provided by hugging face,dataset/aspect-wise-with-opinion-extraction/how_is_camera/3.csv
how_is_quality_of_speaker,yes,copycat+huggingface," The 9.7 inch tablet is a good value for the price , can 't beat the price . The sound quality of this product is very good but it is not easy to use . The battery life seems to be working fine but have not been able to change the battery life .",single summary provided by hugging face,dataset/aspect-wise-with-opinion-extraction/how_is_quality_of_speaker/3.csv